orgeclipsegefpalettemarqueetoolentry,0.039444389791664404
integervalueofmarqueeselectiontoolbehaviorconnectionstouched,0.039444389791664404
stack,0.043053590198767706
available,0.01
program,0.01
integervalueofmarqueeselectiontoolbehaviorconnectionscontained,0.039444389791664404
protected,0.0154654370636807
terms,0.01
create,0.01998528830111127
all,0.021526795099383853
which,0.01
accompanies,0.01
new,0.07
abstractpaletteroot,0.0255814461804655
package,0.01
in,0.01
integervalueofmarqueeselectiontoolbehaviornodestouched,0.039444389791664404
author,0.01
containing,0.032512917986064954
made,0.01
this,0.02
marquee,0.27611072854165086
license,0.01
extends,0.012363887780642305
null,0.010540672212702757
orgeclipsegeftoolsmarqueeselectiontool,0.039444389791664404
phillip,0.01
selection,0.017472144018302212
materials,0.01
marqueetoolentry,0.039444389791664404
=,0.07
licensetxt,0.01
import,0.04
orgeclipsegefpalettepalettestack,0.0255814461804655
for,0.011718502569266591
diagrams,0.039444389791664404
distribution,0.01
tools,0.039444389791664404
file,0.01
public,0.01
are,0.01
and,0.01
integervalueofmarqueeselectiontoolbehaviornodestouchedandrelatedconnections,0.039444389791664404
of,0.01
accompanying,0.01
class,0.01
a,0.011718502569266591
stackaddmarquee,0.2366663387499864
orgeclipsegefpalettepaletteroot,0.028458266904983306
beauvoir,0.01
marqueesettoolpropertymarqueeselectiontoolpropertymarqueebehavior,0.2366663387499864
the,0.05
createmarqueeselectionstack,0.0255814461804655
integervalueofmarqueeselectiontoolbehaviornodescontained,0.039444389791664404
comarchimatetooleditordiagram,0.0233500106673234
palettestack,0.07674433854139649
integervalueofmarqueeselectiontoolbehaviornodescontainedandrelatedconnections,0.039444389791664404
paletteroot,0.043053590198767706
under,0.01
return,0.01